{
    "parent": "item/generated",
    "textures": {
        "layer0": "item/firework_star",
        "layer1": "item/firework_star_overlay"
    },
    "overrides": [
        	{ "predicate": { "custom_model_data": 1000058 }, "model": "item/models/penguin_body"},
        	{ "predicate": { "custom_model_data": 1000059 }, "model": "item/models/penguin_legs_right"},
        	{ "predicate": { "custom_model_data": 1000060 }, "model": "item/models/penguin_legs_left"},
        	{ "predicate": { "custom_model_data": 1000061 }, "model": "item/models/penguin_body1"},
        	{ "predicate": { "custom_model_data": 1000062 }, "model": "item/models/penguin_legs_right1"},
        	{ "predicate": { "custom_model_data": 1000063 }, "model": "item/models/penguin_legs_left1"},
        	{ "predicate": { "custom_model_data": 1000064 }, "model": "item/models/penguin_body_age1"},
        	{ "predicate": { "custom_model_data": 1000065 }, "model": "item/models/penguin_legs_right_age1"},
        	{ "predicate": { "custom_model_data": 1000066 }, "model": "item/models/penguin_legs_left_age1"},
        	{ "predicate": { "custom_model_data": 1000067 }, "model": "item/models/penguin_body_age1_1"},
        	{ "predicate": { "custom_model_data": 1000068 }, "model": "item/models/penguin_legs_right_age1_1"},
        	{ "predicate": { "custom_model_data": 1000069 }, "model": "item/models/penguin_legs_left_age1_1"}
		]
}