{
	"credit": " Made by koncept ",
	"parent": "minecraft:block/cube_all",
	"texture_size": [64, 64],
	"textures": {
		"0": "block/custom/penguin",
		"particle": "block/custom/penguin"
	},
	"elements": [
		{
			"from": [3, 0, 5],
			"to": [11, 8, 15],
			"rotation": {"angle": 0, "axis": "y", "origin": [0, 2, 2]},
			"faces": {
				"north": {"uv": [0, 0, 2, 2], "rotation": 180, "texture": "#0", "tintindex": 1},
				"east": {"uv": [4, 2, 2, 4.5], "rotation": 90, "texture": "#0", "tintindex": 1},
				"south": {"uv": [0, 4.5, 2, 6.5], "rotation": 180, "texture": "#0", "tintindex": 1},
				"west": {"uv": [2, 2, 4, 4.5], "rotation": 270, "texture": "#0", "tintindex": 1},
				"up": {"uv": [11, 3.5, 13, 6], "texture": "#0", "tintindex": 1},
				"down": {"uv": [0, 2, 2, 4.5], "rotation": 180, "texture": "#0", "tintindex": 1}
			}
		},
		{
			"from": [3, 0, 3.5],
			"to": [4, 8, 13.5],
			"rotation": {"angle": -22.5, "axis": "y", "origin": [0, 2, 2]},
			"faces": {
				"north": {"uv": [0, 6.5, 2, 6.75], "rotation": 180, "texture": "#0", "tintindex": 1},
				"east": {"uv": [0, 6.75, 2, 9.25], "rotation": 90, "texture": "#0", "tintindex": 1},
				"south": {"uv": [0, 9.25, 2, 9.5], "texture": "#0", "tintindex": 1},
				"west": {"uv": [2, 6.75, 0, 9.25], "rotation": 270, "texture": "#0", "tintindex": 1},
				"up": {"uv": [0, 6.75, 0.25, 9.25], "texture": "#0", "tintindex": 1},
				"down": {"uv": [2, 6.75, 2.25, 9.25], "rotation": 180, "texture": "#0", "tintindex": 1}
			}
		},
		{
			"from": [3, 1, -3],
			"to": [11, 7, 5],
			"rotation": {"angle": 0, "axis": "y", "origin": [0, 2, 0]},
			"faces": {
				"north": {"uv": [7, 2, 9, 3.5], "texture": "#0", "tintindex": 1},
				"east": {"uv": [11, 2, 9, 3.5], "texture": "#0", "tintindex": 1},
				"south": {"uv": [11, 2, 13, 3.5], "texture": "#0", "tintindex": 1},
				"west": {"uv": [9, 2, 11, 3.5], "texture": "#0", "tintindex": 1},
				"up": {"uv": [7, 2, 9, 0], "texture": "#0", "tintindex": 1},
				"down": {"uv": [7, 3.5, 9, 5.5], "texture": "#0", "tintindex": 1}
			}
		},
		{
			"from": [6, 1, -5],
			"to": [8, 2, -4],
			"rotation": {"angle": 0, "axis": "y", "origin": [0, 2, 0]},
			"faces": {
				"north": {"uv": [9.75, 0.75, 10.25, 1], "texture": "#0", "tintindex": 1},
				"east": {"uv": [9.75, 0.75, 10.25, 1], "texture": "#0", "tintindex": 1},
				"south": {"uv": [9.75, 1.25, 10.25, 1.75], "texture": "#0", "tintindex": 1},
				"west": {"uv": [9.75, 0.75, 10.25, 1], "texture": "#0", "tintindex": 1},
				"up": {"uv": [9.75, 1.25, 10.25, 1.75], "texture": "#0", "tintindex": 1},
				"down": {"uv": [9.75, 0.75, 10.25, 1], "texture": "#0", "tintindex": 1}
			}
		},
		{
			"from": [6, 2, -5],
			"to": [8, 4, -3],
			"rotation": {"angle": 0, "axis": "y", "origin": [0, 2, 0]},
			"faces": {
				"north": {"uv": [9.75, 1.25, 10.25, 1.75], "rotation": 180, "texture": "#0", "tintindex": 1},
				"east": {"uv": [9.75, 1.25, 10.25, 1.75], "rotation": 180, "texture": "#0", "tintindex": 1},
				"south": {"uv": [9.75, 1.25, 10.25, 1.75], "texture": "#0", "tintindex": 1},
				"west": {"uv": [9.75, 1.25, 10.25, 1.75], "rotation": 180, "texture": "#0", "tintindex": 1},
				"up": {"uv": [9.25, 0.75, 9.75, 1.25], "texture": "#0", "tintindex": 1},
				"down": {"uv": [9.75, 1.25, 10.25, 1.75], "texture": "#0", "tintindex": 1}
			}
		},
		{
			"from": [2, 5, -3.1],
			"to": [6, 8, -3.1],
			"rotation": {"angle": 0, "axis": "y", "origin": [0, 2, 0]},
			"faces": {
				"north": {"uv": [9.25, 0, 10.25, 0.75], "texture": "#0", "tintindex": 1},
				"east": {"uv": [0, 0, 0, 0.75], "texture": "#0", "tintindex": 1},
				"south": {"uv": [10.25, 0, 9.25, 0.75], "texture": "#0", "tintindex": 1},
				"west": {"uv": [0, 0, 0, 0.75], "texture": "#0", "tintindex": 1},
				"up": {"uv": [0, 0, 1, 0], "texture": "#0", "tintindex": 1},
				"down": {"uv": [0, 0, 1, 0], "texture": "#0", "tintindex": 1}
			}
		},
		{
			"from": [2, 5, -3.1],
			"to": [2, 8, 1.9],
			"rotation": {"angle": 0, "axis": "y", "origin": [0, 2, 0]},
			"faces": {
				"north": {"uv": [0, 0, 0, 0.75], "texture": "#0", "tintindex": 1},
				"east": {"uv": [11.5, 0, 10.25, 0.75], "texture": "#0", "tintindex": 1},
				"south": {"uv": [0, 0, 0, 0.75], "texture": "#0", "tintindex": 1},
				"west": {"uv": [10.25, 0, 11.5, 0.75], "texture": "#0", "tintindex": 1},
				"up": {"uv": [0, 0, 1, 0], "rotation": 270, "texture": "#0", "tintindex": 1},
				"down": {"uv": [0, 0, 1, 0], "rotation": 90, "texture": "#0", "tintindex": 1}
			}
		},
		{
			"from": [8, 5, -3.1],
			"to": [12, 8, -3.1],
			"rotation": {"angle": 0, "axis": "y", "origin": [0, 2, 0]},
			"faces": {
				"north": {"uv": [10.25, 0, 9.25, 0.75], "texture": "#0", "tintindex": 1},
				"east": {"uv": [0, 0, 0, 0.75], "texture": "#0", "tintindex": 1},
				"south": {"uv": [9.25, 0, 10.25, 0.75], "texture": "#0", "tintindex": 1},
				"west": {"uv": [0, 0, 0, 0.75], "texture": "#0", "tintindex": 1},
				"up": {"uv": [0, 0, 1, 0], "texture": "#0", "tintindex": 1},
				"down": {"uv": [0, 0, 1, 0], "texture": "#0", "tintindex": 1}
			}
		},
		{
			"from": [2, 8, -3.1],
			"to": [3, 8, 1.9],
			"rotation": {"angle": 0, "axis": "y", "origin": [0, 2, 0]},
			"faces": {
				"north": {"uv": [0, 0, 0, 0.75], "rotation": 270, "texture": "#0", "tintindex": 1},
				"east": {"uv": [0, 0, 1, 0], "texture": "#0", "tintindex": 1},
				"south": {"uv": [0, 0, 0, 0.75], "rotation": 90, "texture": "#0", "tintindex": 1},
				"west": {"uv": [0, 0, 1, 0], "rotation": 180, "texture": "#0", "tintindex": 1},
				"up": {"uv": [10.25, 0, 11.5, 0.25], "rotation": 90, "texture": "#0", "tintindex": 1},
				"down": {"uv": [11.5, 0, 10.25, 0.25], "rotation": 90, "texture": "#0", "tintindex": 1}
			}
		},
		{
			"from": [12, 5, -3.1],
			"to": [12, 8, 1.9],
			"rotation": {"angle": 0, "axis": "y", "origin": [0, 2, 0]},
			"faces": {
				"north": {"uv": [0, 0, 0, 0.75], "texture": "#0", "tintindex": 1},
				"east": {"uv": [11.5, 0, 10.25, 0.75], "texture": "#0", "tintindex": 1},
				"south": {"uv": [0, 0, 0, 0.75], "texture": "#0", "tintindex": 1},
				"west": {"uv": [10.25, 0, 11.5, 0.75], "texture": "#0", "tintindex": 1},
				"up": {"uv": [0, 0, 1, 0], "rotation": 270, "texture": "#0", "tintindex": 1},
				"down": {"uv": [0, 0, 1, 0], "rotation": 90, "texture": "#0", "tintindex": 1}
			}
		},
		{
			"from": [11, 8, -3.1],
			"to": [12, 8, 1.9],
			"rotation": {"angle": 0, "axis": "y", "origin": [0, 2, 0]},
			"faces": {
				"north": {"uv": [0, 0, 0, 0.75], "rotation": 270, "texture": "#0", "tintindex": 1},
				"east": {"uv": [0, 0, 1, 0], "texture": "#0", "tintindex": 1},
				"south": {"uv": [0, 0, 0, 0.75], "rotation": 90, "texture": "#0", "tintindex": 1},
				"west": {"uv": [0, 0, 1, 0], "rotation": 180, "texture": "#0", "tintindex": 1},
				"up": {"uv": [10.25, 0, 11.5, 0.25], "rotation": 90, "texture": "#0", "tintindex": 1},
				"down": {"uv": [11.5, 0, 10.25, 0.25], "rotation": 90, "texture": "#0", "tintindex": 1}
			}
		},
		{
			"from": [9, 0, 8.5],
			"to": [10, 8, 18.5],
			"rotation": {"angle": 22.5, "axis": "y", "origin": [0, 2, 2]},
			"faces": {
				"north": {"uv": [0, 6.5, 2, 6.75], "rotation": 180, "texture": "#0", "tintindex": 1},
				"east": {"uv": [0, 6.75, 2, 9.25], "rotation": 90, "texture": "#0", "tintindex": 1},
				"south": {"uv": [0, 9.25, 2, 9.5], "texture": "#0", "tintindex": 1},
				"west": {"uv": [2, 6.75, 0, 9.25], "rotation": 270, "texture": "#0", "tintindex": 1},
				"up": {"uv": [0, 6.75, 0.25, 9.25], "texture": "#0", "tintindex": 1},
				"down": {"uv": [2, 6.75, 2.25, 9.25], "rotation": 180, "texture": "#0", "tintindex": 1}
			}
		}
	],
	"display": {
		"thirdperson_righthand": {
			"rotation": [90, 0, 0],
			"scale": [0.66, 0.66, 0.66]
		},
		"head": {
			"translation": [0, -27, -0.75],
			"scale": [1.025, 1.025, 1.025]
		},
		"fixed": {
			"rotation": [-90, 0, 0],
			"translation": [0, 0, -47],
			"scale": [2.53, 2.53, 2.53]
		}
	},
	"groups": [
		{
			"name": "group",
			"origin": [0, 2, 2],
			"color": 0,
			"nbt": "{}",
			"children": [0, 1, 2, 3, 4, 5, 6, 7, 8, 9, 10, 11]
		}
	]
}