{
	"credit": " Made by koncept ",
	"parent": "minecraft:block/cube_all",
	"texture_size": [64, 64],
	"textures": {
		"0": "block/custom/penguin",
		"particle": "block/custom/penguin"
	},
	"elements": [
		{
			"from": [3, 2, 4],
			"to": [11, 12, 12],
			"faces": {
				"north": {"uv": [0, 2, 2, 4.5], "texture": "#0", "tintindex": 1},
				"east": {"uv": [4, 2, 2, 4.5], "texture": "#0", "tintindex": 1},
				"south": {"uv": [4, 2, 6, 4.5], "texture": "#0", "tintindex": 1},
				"west": {"uv": [2, 2, 4, 4.5], "texture": "#0", "tintindex": 1},
				"up": {"uv": [0, 0, 2, 2], "texture": "#0", "tintindex": 1},
				"down": {"uv": [0, 4.5, 2, 6.5], "rotation": 180, "texture": "#0", "tintindex": 1}
			}
		},
		{
			"from": [15, -3, 4],
			"to": [16, 7, 12],
			"rotation": {"angle": 22.5, "axis": "z", "origin": [0, 0, 0]},
			"faces": {
				"north": {"uv": [2, 6.75, 2.25, 9.25], "texture": "#0", "tintindex": 1},
				"east": {"uv": [0, 6.75, 2, 9.25], "texture": "#0", "tintindex": 1},
				"south": {"uv": [0, 6.75, 0.25, 9.25], "texture": "#0", "tintindex": 1},
				"west": {"uv": [2, 6.75, 0, 9.25], "texture": "#0", "tintindex": 1},
				"up": {"uv": [0, 6.5, 2, 6.75], "texture": "#0", "tintindex": 1},
				"down": {"uv": [0, 9.25, 2, 9.5], "texture": "#0", "tintindex": 1}
			}
		},
		{
			"from": [-3, 2.5, 4],
			"to": [-2, 12.5, 12],
			"rotation": {"angle": -22.5, "axis": "z", "origin": [0, 0, 0]},
			"faces": {
				"north": {"uv": [2, 6.75, 2.25, 9.25], "texture": "#0", "tintindex": 1},
				"east": {"uv": [0, 6.75, 2, 9.25], "texture": "#0", "tintindex": 1},
				"south": {"uv": [0, 6.75, 0.25, 9.25], "texture": "#0", "tintindex": 1},
				"west": {"uv": [2, 6.75, 0, 9.25], "texture": "#0", "tintindex": 1},
				"up": {"uv": [0, 6.5, 2, 6.75], "texture": "#0", "tintindex": 1},
				"down": {"uv": [0, 9.25, 2, 9.5], "texture": "#0", "tintindex": 1}
			}
		},
		{
			"from": [3, 12, 4],
			"to": [11, 18, 12],
			"faces": {
				"north": {"uv": [7, 2, 9, 3.5], "texture": "#0", "tintindex": 1},
				"east": {"uv": [11, 2, 9, 3.5], "texture": "#0", "tintindex": 1},
				"south": {"uv": [11, 2, 13, 3.5], "texture": "#0", "tintindex": 1},
				"west": {"uv": [9, 2, 11, 3.5], "texture": "#0", "tintindex": 1},
				"up": {"uv": [7, 2, 9, 0], "texture": "#0", "tintindex": 1},
				"down": {"uv": [7, 3.5, 9, 5.5], "texture": "#0", "tintindex": 1}
			}
		},
		{
			"from": [6, 12, 2],
			"to": [8, 13, 3],
			"faces": {
				"north": {"uv": [9.75, 1.25, 10.25, 1.75], "texture": "#0", "tintindex": 1},
				"east": {"uv": [9.75, 1.25, 10.25, 1.75], "texture": "#0", "tintindex": 1},
				"south": {"uv": [9.75, 1.25, 10.25, 1.75], "texture": "#0", "tintindex": 1},
				"west": {"uv": [9.75, 1.25, 10.25, 1.75], "texture": "#0", "tintindex": 1},
				"up": {"uv": [9.75, 1.25, 10.25, 1.75], "texture": "#0", "tintindex": 1},
				"down": {"uv": [9.75, 1.25, 10.25, 1.75], "texture": "#0", "tintindex": 1}
			}
		},
		{
			"from": [6, 13, 2],
			"to": [8, 14, 4],
			"faces": {
				"north": {"uv": [9.75, 1.25, 10.25, 1.75], "texture": "#0", "tintindex": 1},
				"east": {"uv": [9.75, 1.25, 10.25, 1.75], "texture": "#0", "tintindex": 1},
				"south": {"uv": [9.75, 1.25, 10.25, 1.75], "texture": "#0", "tintindex": 1},
				"west": {"uv": [9.75, 1.25, 10.25, 1.75], "texture": "#0", "tintindex": 1},
				"up": {"uv": [9.75, 1.25, 10.25, 1.75], "texture": "#0", "tintindex": 1},
				"down": {"uv": [9.75, 1.25, 10.25, 1.75], "texture": "#0", "tintindex": 1}
			}
		},
		{
			"from": [6, 14, 3],
			"to": [8, 15, 4],
			"faces": {
				"north": {"uv": [9.75, 1.25, 10.25, 1.75], "texture": "#0", "tintindex": 1},
				"east": {"uv": [9.75, 1.25, 10.25, 1.75], "texture": "#0", "tintindex": 1},
				"south": {"uv": [9.75, 1.25, 10.25, 1.75], "texture": "#0", "tintindex": 1},
				"west": {"uv": [9.75, 1.25, 10.25, 1.75], "texture": "#0", "tintindex": 1},
				"up": {"uv": [9.75, 1.25, 10.25, 1.75], "texture": "#0", "tintindex": 1},
				"down": {"uv": [9.75, 1.25, 10.25, 1.75], "texture": "#0", "tintindex": 1}
			}
		},
		{
			"from": [2, 17, 3.9],
			"to": [6, 20, 3.9],
			"faces": {
				"north": {"uv": [9.25, 0, 10.25, 0.75], "texture": "#0", "tintindex": 1},
				"east": {"uv": [0, 0, 0, 0.75], "texture": "#missing", "tintindex": 1},
				"south": {"uv": [10.25, 0, 9.25, 0.75], "texture": "#0", "tintindex": 1},
				"west": {"uv": [0, 0, 0, 0.75], "texture": "#missing", "tintindex": 1},
				"up": {"uv": [0, 0, 1, 0], "texture": "#missing", "tintindex": 1},
				"down": {"uv": [0, 0, 1, 0], "texture": "#missing", "tintindex": 1}
			}
		},
		{
			"from": [2.01, 17, 4],
			"to": [2.01, 20, 8],
			"faces": {
				"north": {"uv": [0, 0, 0, 0.75], "texture": "#missing", "tintindex": 1},
				"east": {"uv": [11.25, 0, 10.25, 0.75], "texture": "#0", "tintindex": 1},
				"south": {"uv": [0, 0, 0, 0.75], "texture": "#missing", "tintindex": 1},
				"west": {"uv": [10.25, 0, 11.25, 0.75], "texture": "#0", "tintindex": 1},
				"up": {"uv": [0, 0, 1, 0], "rotation": 270, "texture": "#missing", "tintindex": 1},
				"down": {"uv": [0, 0, 1, 0], "rotation": 90, "texture": "#missing", "tintindex": 1}
			}
		},
		{
			"from": [8, 17, 3.9],
			"to": [12, 20, 3.9],
			"faces": {
				"north": {"uv": [10.25, 0, 9.25, 0.75], "texture": "#0", "tintindex": 1},
				"east": {"uv": [0, 0, 0, 0.75], "texture": "#missing", "tintindex": 1},
				"south": {"uv": [9.25, 0, 10.25, 0.75], "texture": "#0", "tintindex": 1},
				"west": {"uv": [0, 0, 0, 0.75], "texture": "#missing", "tintindex": 1},
				"up": {"uv": [0, 0, 1, 0], "texture": "#missing", "tintindex": 1},
				"down": {"uv": [0, 0, 1, 0], "texture": "#missing", "tintindex": 1}
			}
		},
		{
			"from": [12.01, 17, 4],
			"to": [12.01, 20, 8],
			"faces": {
				"north": {"uv": [0, 0, 0, 0.75], "texture": "#missing", "tintindex": 1},
				"east": {"uv": [11.25, 0, 10.25, 0.75], "texture": "#0", "tintindex": 1},
				"south": {"uv": [0, 0, 0, 0.75], "texture": "#missing", "tintindex": 1},
				"west": {"uv": [10.25, 0, 11.25, 0.75], "texture": "#0", "tintindex": 1},
				"up": {"uv": [0, 0, 1, 0], "rotation": 270, "texture": "#missing", "tintindex": 1},
				"down": {"uv": [0, 0, 1, 0], "rotation": 90, "texture": "#missing", "tintindex": 1}
			}
		},
		{
			"from": [4.5, 0, 8],
			"to": [5.5, 5, 8],
			"faces": {
				"north": {"uv": [3.75, 4.5, 4, 5.5], "texture": "#0", "tintindex": 1},
				"east": {"uv": [0, 0, 0, 1.25], "texture": "#0", "tintindex": 1},
				"south": {"uv": [3.75, 4.5, 4, 5.5], "texture": "#0", "tintindex": 1},
				"west": {"uv": [0, 0, 0, 1.25], "texture": "#0", "tintindex": 1},
				"up": {"uv": [0, 0, 0.25, 0], "texture": "#0", "tintindex": 1},
				"down": {"uv": [0, 0, 0.25, 0], "texture": "#0", "tintindex": 1}
			}
		},
		{
			"from": [3.5, 0.2, 5],
			"to": [6.5, 0.2, 8],
			"faces": {
				"north": {"uv": [0, 0, 0.75, 0], "texture": "#0", "tintindex": 1},
				"east": {"uv": [0, 0, 0.75, 0], "texture": "#0", "tintindex": 1},
				"south": {"uv": [0, 0, 0.75, 0], "texture": "#0", "tintindex": 1},
				"west": {"uv": [0, 0, 0.75, 0], "texture": "#0", "tintindex": 1},
				"up": {"uv": [3.5, 5, 4.25, 5.75], "rotation": 180, "texture": "#0", "tintindex": 1},
				"down": {"uv": [3.5, 5, 4.25, 5.75], "texture": "#0", "tintindex": 1}
			}
		},
		{
			"from": [7.5, 0, 8],
			"to": [8.5, 5, 8],
			"faces": {
				"north": {"uv": [3.75, 4.5, 4, 5.5], "texture": "#0", "tintindex": 1},
				"east": {"uv": [0, 0, 0, 1.25], "texture": "#0", "tintindex": 1},
				"south": {"uv": [3.75, 4.5, 4, 5.5], "texture": "#0", "tintindex": 1},
				"west": {"uv": [0, 0, 0, 1.25], "texture": "#0", "tintindex": 1},
				"up": {"uv": [0, 0, 0.25, 0], "texture": "#0", "tintindex": 1},
				"down": {"uv": [0, 0, 0.25, 0], "texture": "#0", "tintindex": 1}
			}
		},
		{
			"from": [7.5, 0.2, 5],
			"to": [10.5, 0.2, 8],
			"faces": {
				"north": {"uv": [0, 0, 0.75, 0], "texture": "#0", "tintindex": 1},
				"east": {"uv": [0, 0, 0.75, 0], "texture": "#0", "tintindex": 1},
				"south": {"uv": [0, 0, 0.75, 0], "texture": "#0", "tintindex": 1},
				"west": {"uv": [0, 0, 0.75, 0], "texture": "#0", "tintindex": 1},
				"up": {"uv": [3.5, 5, 4.25, 5.75], "rotation": 180, "texture": "#0", "tintindex": 1},
				"down": {"uv": [3.5, 5, 4.25, 5.75], "texture": "#0", "tintindex": 1}
			}
		}
	],
	"display": {
		"thirdperson_righthand": {
			"scale": [0.32, 0.32, 0.32]
		},
		"head": {
			"translation": [0, -27, -0.75],
			"scale": [2.05, 2.05, 2.05]
		},
		"fixed": {
			"rotation": [-90, 0, 0],
			"translation": [0, 0, -47],
			"scale": [2.53, 2.53, 2.53]
		}
	},
	"groups": [
		{
			"name": "group",
			"origin": [0, 0, 0],
			"color": 0,
			"nbt": "{}",
			"children": [0, 1, 2]
		},
		{
			"name": "group",
			"origin": [0, 0, 0],
			"color": 0,
			"nbt": "{}",
			"children": [3, 4, 5, 6, 7, 8, 9, 10]
		},
		{
			"name": "group",
			"origin": [0, 0, 0],
			"color": 0,
			"nbt": "{}",
			"children": [11, 12]
		},
		{
			"name": "group",
			"origin": [0, 0, 0],
			"color": 0,
			"nbt": "{}",
			"children": [13, 14]
		}
	]
}