{
	"credit": "Made with Blockbench",
	"parent": "minecraft:block/cube_all",
	"texture_size": [64, 64],
	"textures": {
		"0": "block/custom/penguin",
		"particle": "block/custom/penguin"
	},
	"elements": [
		{
			"from": [4.5, 0, 10],
			"to": [5.5, 5, 10],
			"faces": {
				"north": {"uv": [3.75, 4.5, 4, 5.5], "texture": "#0", "tintindex": 1},
				"east": {"uv": [0, 0, 0, 1.25], "texture": "#0", "tintindex": 1},
				"south": {"uv": [3.75, 4.5, 4, 5.5], "texture": "#0", "tintindex": 1},
				"west": {"uv": [0, 0, 0, 1.25], "texture": "#0", "tintindex": 1},
				"up": {"uv": [0, 0, 0.25, 0], "texture": "#0", "tintindex": 1},
				"down": {"uv": [0, 0, 0.25, 0], "texture": "#0", "tintindex": 1}
			}
		},
		{
			"from": [3.5, 0.2, 7],
			"to": [6.5, 0.2, 10],
			"faces": {
				"north": {"uv": [0, 0, 0.75, 0], "texture": "#0", "tintindex": 1},
				"east": {"uv": [0, 0, 0.75, 0], "texture": "#0", "tintindex": 1},
				"south": {"uv": [0, 0, 0.75, 0], "texture": "#0", "tintindex": 1},
				"west": {"uv": [0, 0, 0.75, 0], "texture": "#0", "tintindex": 1},
				"up": {"uv": [3.5, 5, 4.25, 5.75], "rotation": 180, "texture": "#0", "tintindex": 1},
				"down": {"uv": [3.5, 5, 4.25, 5.75], "texture": "#0", "tintindex": 1}
			}
		}
	],
	"display": {
		"thirdperson_righthand": {
			"rotation": [90, 0, 0],
			"translation": [-6.05, -0.5, -6.5],
			"scale": [0.68, 0.68, 0.68]
		},
		"thirdperson_lefthand": {
			"rotation": [90, 0, 0],
			"translation": [-6.05, -0.5, -0.75],
			"scale": [1.36, 1.36, 1.36]
		},
		"head": {
			"translation": [0, -30.5, 0],
			"scale": [2.05, 2.05, 2.05]
		},
		"fixed": {
			"rotation": [-90, 0, 0],
			"translation": [0, 0, -47],
			"scale": [2.53, 2.53, 2.53]
		}
	},
	"groups": [
		{
			"name": "group",
			"origin": [0, 0, 0],
			"color": 0,
			"nbt": "{}",
			"children": [0, 1]
		}
	]
}